mean_fit_time,std_fit_time,mean_score_time,std_score_time,param_gettaxa__rank,params,split0_test_score,split1_test_score,split2_test_score,split3_test_score,split4_test_score,mean_test_score,std_test_score,rank_test_score
0.09956650733947754,0.017136253589534484,0.01101689338684082,0.0014999022784335492,phylum,{'gettaxa__rank': 'phylum'},-178.3066491584958,-187.78733828925763,-177.38057113048708,-177.13852746580676,-172.24216689778325,-178.5710505883661,5.070187367483507,1
0.08099827766418458,0.005811307608133999,0.007658243179321289,0.0003248277930687967,class,{'gettaxa__rank': 'class'},-178.3066491584958,-187.78733828925763,-177.38057113048708,-177.13852746580676,-172.24216689778325,-178.5710505883661,5.070187367483507,1
0.1165501594543457,0.01672856033183815,0.012605571746826172,0.00077678720497837,order,{'gettaxa__rank': 'order'},-178.3066491584958,-187.78733828925763,-177.38057113048708,-177.13852746580676,-172.24216689778325,-178.5710505883661,5.070187367483507,1
0.11837177276611328,0.011934402065143101,0.011993074417114257,0.0006057707916498182,family,{'gettaxa__rank': 'family'},-178.3066491584958,-187.78733828925763,-177.38057113048708,-177.13852746580676,-172.24216689778325,-178.5710505883661,5.070187367483507,1
0.10701351165771485,0.011556696381400295,0.010812997817993164,0.0024467764266593345,genus,{'gettaxa__rank': 'genus'},-178.3066491584958,-187.78733828925763,-177.38057113048708,-177.13852746580676,-172.24216689778325,-178.5710505883661,5.070187367483507,1
