mean_fit_time,std_fit_time,mean_score_time,std_score_time,param_selectfeatures__abundance,params,split0_test_score,split1_test_score,split2_test_score,split3_test_score,split4_test_score,mean_test_score,std_test_score,rank_test_score
0.24013199806213378,0.008768279196522536,0.017338371276855467,0.0019459988174670164,phylum,{'selectfeatures__abundance': 'phylum'},-178.3066491584958,-187.78733828925763,-177.38057113048708,-177.13852746580676,-172.24216689778325,-178.5710505883661,5.070187367483507,1
0.24324231147766112,0.025704979910156443,0.019878578186035157,0.002904343805359528,class,{'selectfeatures__abundance': 'class'},-178.3066491584958,-187.78733828925763,-177.38057113048708,-177.13852746580676,-172.24216689778325,-178.5710505883661,5.070187367483507,1
0.2601438045501709,0.005157128259104258,0.01799783706665039,0.0011374250183349016,order,{'selectfeatures__abundance': 'order'},-178.3066491584958,-187.78733828925763,-177.38057113048708,-177.13852746580676,-172.24216689778325,-178.5710505883661,5.070187367483507,1
0.2237093448638916,0.0187092920647582,0.017648792266845702,0.0023874239703626527,family,{'selectfeatures__abundance': 'family'},-178.3066491584958,-187.78733828925763,-177.38057113048708,-177.13852746580676,-172.24216689778325,-178.5710505883661,5.070187367483507,1
0.17310709953308107,0.033910340710717274,0.011769485473632813,0.0032602852626191833,genus,{'selectfeatures__abundance': 'genus'},-178.3066491584958,-187.78733828925763,-177.38057113048708,-177.13852746580676,-172.24216689778325,-178.5710505883661,5.070187367483507,1
