mean_fit_time,std_fit_time,mean_score_time,std_score_time,param_gettaxa__rank,params,split0_test_score,split1_test_score,split2_test_score,split3_test_score,split4_test_score,mean_test_score,std_test_score,rank_test_score
5.525223875045777,0.2658938073461985,0.029084157943725587,0.004285707532421932,phylum,{'gettaxa__rank': 'phylum'},-72.60208881488055,-77.6883475326801,-80.66975382649943,-80.15776825906114,-77.27603560947756,-77.67879880851976,2.864485824312883,3
6.320139408111572,0.5702237800720485,0.033391284942626956,0.004014221426509677,class,{'gettaxa__rank': 'class'},-69.4494613219861,-75.39117985658591,-74.46459691235202,-79.30312813523274,-68.26179404945262,-73.37403205512187,4.048447360506436,2
6.628459882736206,0.5087845071179746,0.036739444732666014,0.0018466347632089904,order,{'gettaxa__rank': 'order'},-73.40325893805134,-77.13672186302317,-72.86938848505976,-74.3027687203839,-67.28611311151055,-72.99965022360574,3.213653808751401,1
7.141279840469361,0.25691115993115415,0.03998656272888183,0.0014877575435023633,family,{'gettaxa__rank': 'family'},-77.28466654396829,-83.62905121189047,-76.67658445619327,-81.10752285657686,-72.62078336997531,-78.26372168772085,3.7998492710896636,4
3.9626028060913088,1.1406980053951656,0.024238157272338866,0.007285881315233465,genus,{'gettaxa__rank': 'genus'},-77.2080430772842,-84.5287924443551,-79.69224636218907,-79.77818739383422,-79.5825219350106,-80.15795824253465,2.387401579081852,5
