mean_fit_time,std_fit_time,mean_score_time,std_score_time,param_selectfeatures__abundance,params,split0_test_score,split1_test_score,split2_test_score,split3_test_score,split4_test_score,mean_test_score,std_test_score,rank_test_score
9.919969129562379,0.32438221901164405,0.043285274505615236,0.005185564923631767,phylum,{'selectfeatures__abundance': 'phylum'},-75.83668478451155,-80.37983839391882,-79.87333222467967,-83.03565886290419,-79.3274943407161,-79.69060172134606,2.3100808485351587,5
11.076645040512085,0.31048956517741017,0.041981840133666994,0.004825487749665241,class,{'selectfeatures__abundance': 'class'},-71.85323571934762,-77.33418490137477,-76.1932831144909,-81.40041593082823,-74.0296513062429,-76.16215419445687,3.2226808095041615,3
11.198565530776978,0.5942241328396419,0.04252481460571289,0.006646367555639297,order,{'selectfeatures__abundance': 'order'},-71.67525492443745,-74.25996294915403,-75.08292610427117,-72.25029749210597,-70.24427294857749,-72.70254288370921,1.7546919419913383,1
11.472510814666748,0.5169723315588928,0.04642186164855957,0.0023062727880473434,family,{'selectfeatures__abundance': 'family'},-68.67097932635276,-82.9620594233302,-76.14905557668182,-76.89027877124941,-73.36203319622525,-75.60688125876788,4.673024426182357,2
7.635640048980713,1.866694735119908,0.029656171798706055,0.008641944166520315,genus,{'selectfeatures__abundance': 'genus'},-75.06344258832073,-86.4243353193595,-75.98275487148787,-78.09806810522184,-78.72633822092118,-78.85898782106221,4.012728674963433,4
