mean_fit_time,std_fit_time,mean_score_time,std_score_time,param_gettaxa__rank,params,split0_test_score,split1_test_score,split2_test_score,split3_test_score,split4_test_score,mean_test_score,std_test_score,rank_test_score
0.1424856662750244,0.01838970147320166,0.06611089706420899,0.0019159697390739988,phylum,{'gettaxa__rank': 'phylum'},-87.19104859335037,-93.83206308610401,-96.60312872975277,-87.55653026427963,-88.6371611253197,-90.76398635976129,3.7705628991093896,1
0.13008179664611816,0.01091543626549643,0.041033697128295896,0.008916946469820613,class,{'gettaxa__rank': 'class'},-94.9278516624041,-98.14065643648763,-88.02803069053708,-92.55883205456094,-94.94073316283036,-93.719220801364,3.35374778432416,3
0.13923029899597167,0.009141178854257576,0.03235116004943848,0.0034602246407794547,order,{'gettaxa__rank': 'order'},-94.4039556692242,-99.26057971014492,-89.05553282182439,-102.59257459505542,-87.20732310315432,-94.50399317988065,5.84786092028948,4
0.13521699905395507,0.01379305228733206,0.030010366439819337,0.004957756722153318,family,{'gettaxa__rank': 'family'},-103.89051150895139,-117.80323103154306,-107.12797101449276,-98.31561807331629,-100.05787723785167,-105.43904177323103,6.896719523687609,5
0.11303558349609374,0.013882053111000844,0.023494529724121093,0.007519333136935942,genus,{'gettaxa__rank': 'genus'},-82.78618073316284,-95.51488491048592,-89.83427962489343,-98.73332480818414,-91.7375959079284,-91.72125319693095,5.421388127370901,2
