mean_fit_time,std_fit_time,mean_score_time,std_score_time,param_selectfeatures__abundance,params,split0_test_score,split1_test_score,split2_test_score,split3_test_score,split4_test_score,mean_test_score,std_test_score,rank_test_score
0.29010448455810545,0.02025017886313526,0.017645740509033205,0.002658741854446233,phylum,{'selectfeatures__abundance': 'phylum'},-130.84649616368287,-383240.13283887476,-78149.96460358055,-3368444.4832480815,-131.84278772378516,-766019.4539948849,1308852.1435303953,5
0.31304364204406737,0.010965071085956233,0.01820793151855469,0.0011905462779769262,class,{'selectfeatures__abundance': 'class'},-119.35296675191815,-125.73051150895142,-129.2416368286445,-143.43612531969308,-129.70631713554988,-129.4935115089514,7.892984529747548,4
0.3009654521942139,0.025720278701458398,0.01867084503173828,0.002212427741438029,order,{'selectfeatures__abundance': 'order'},-116.42849104859337,-125.49427109974424,-121.83570332480816,-127.69936061381074,-133.7180306905371,-125.03517135549873,5.779485527207723,3
0.30230073928833007,0.03057576352199819,0.01856546401977539,0.0022964063342452625,family,{'selectfeatures__abundance': 'family'},-122.02148337595908,-116.89437340153454,-119.59373401534528,-115.3031969309463,-122.26590792838876,-119.21573913043478,2.7573659862417226,2
0.22055597305297853,0.043004439344194,0.01302647590637207,0.003180659210265081,genus,{'selectfeatures__abundance': 'genus'},-99.96501278772381,-106.47069868878417,-103.3493076205469,-112.65865141361373,-114.98818274924822,-107.48637065198336,5.616891973413184,1
