mean_fit_time,std_fit_time,mean_score_time,std_score_time,param_gettaxa__rank,params,split0_test_score,split1_test_score,split2_test_score,split3_test_score,split4_test_score,mean_test_score,std_test_score,rank_test_score
0.16890511512756348,0.005390111344767162,0.012004327774047852,0.0017677249247736503,phylum,{'gettaxa__rank': 'phylum'},-119.14574168797954,-120.31259630754477,-117.12398497442453,-129.6630762468031,-117.32498881074169,-120.71407760549872,4.627745226852832,5
0.16037120819091796,0.00941103760025763,0.013126850128173828,0.0016208046213235321,class,{'gettaxa__rank': 'class'},-108.45692255434784,-115.63841711956522,-108.79279631553707,-119.05363151374681,-107.37515824808185,-111.86338515025577,4.628762103880931,1
0.1715773105621338,0.00946507618675978,0.013215970993041993,0.0008863839526080809,order,{'gettaxa__rank': 'order'},-107.10410485933504,-117.70756393861893,-108.45460677749361,-114.58794117647058,-114.24989769820972,-112.42082289002558,3.999747694678709,2
0.16735081672668456,0.01633007593173619,0.012511301040649413,0.0021645105021894494,family,{'gettaxa__rank': 'family'},-110.09202506858915,-117.00592936580024,-116.36542199488493,-113.73196524047297,-107.1782154938072,-112.87471143271088,3.7464734167878544,3
0.11917576789855958,0.024628396955611365,0.008643674850463866,0.0026822420304703607,genus,{'gettaxa__rank': 'genus'},-110.8031552888265,-113.16454130649537,-112.27098344790859,-123.15371656698382,-125.0973414773182,-116.8979476175065,5.980941706071703,4
