mean_fit_time,std_fit_time,mean_score_time,std_score_time,param_gettaxa__rank,params,split0_test_score,split1_test_score,split2_test_score,split3_test_score,split4_test_score,mean_test_score,std_test_score,rank_test_score
17.86383447647095,1.7963725390699548,0.03086433410644531,0.0034827058313993487,phylum,{'gettaxa__rank': 'phylum'},-79.07249130434782,-86.32201381074168,-85.21600792838875,-86.9689023017903,-81.3650659846547,-83.78889626598466,3.0556570349150936,4
24.71778702735901,2.4149472644554795,0.03330726623535156,0.0004974265359025086,class,{'gettaxa__rank': 'class'},-78.45960792838875,-83.39577979539641,-78.81450511508952,-83.86159156010231,-76.76587007672633,-80.25947089514067,2.8405769232955573,2
27.549102687835692,1.7877810406851076,0.03235540390014648,0.005389151800234105,order,{'gettaxa__rank': 'order'},-81.44487161125319,-82.08486445012787,-78.87776265984654,-79.37307544757033,-71.87593171355498,-78.73130117647058,3.6342610470130885,1
25.487570667266844,1.2745463691291659,0.032431936264038085,0.005754043842139848,family,{'gettaxa__rank': 'family'},-80.40031918158567,-91.85769872122764,-84.24170358056266,-88.07302710997442,-80.39802710997442,-84.99415514066496,4.458286400163458,5
9.237551546096801,1.2783510098151705,0.024873781204223632,0.004760447329761055,genus,{'gettaxa__rank': 'genus'},-78.77896237143078,-84.28515577430102,-78.49057671940585,-86.1732383168366,-80.44085229016507,-81.63375709442786,3.0688519801594674,3
