mean_fit_time,std_fit_time,mean_score_time,std_score_time,param_selectfeatures__abundance,params,split0_test_score,split1_test_score,split2_test_score,split3_test_score,split4_test_score,mean_test_score,std_test_score,rank_test_score
39.444704389572145,1.6793738999175192,0.03595380783081055,0.004121088497138708,phylum,{'selectfeatures__abundance': 'phylum'},-83.30112455242967,-85.78997928388745,-86.582431713555,-87.5402158567775,-83.07757749360614,-85.25826578005116,1.779282664996179,5
49.22005658149719,1.8774888497486828,0.03980684280395508,0.0007698892172836964,class,{'selectfeatures__abundance': 'class'},-76.7023578005115,-85.42117416879793,-78.17542378516623,-84.37753734015347,-76.75709514066496,-80.28671764705882,3.8173520103204623,3
55.725162506103516,2.0637378959179657,0.04007716178894043,0.0015047204283866321,order,{'selectfeatures__abundance': 'order'},-79.45954066496164,-82.31995242966752,-79.10379667519182,-78.98007007672634,-71.04846675191816,-78.1823653196931,3.771702038941554,1
59.645533084869385,2.1582098245353287,0.03957076072692871,0.0006785252087784198,family,{'selectfeatures__abundance': 'family'},-77.50265294117646,-87.64419999999998,-80.08590025575448,-85.72474501278772,-75.02406751918159,-81.19631314578005,4.796971932947364,4
57.28913159370423,5.19678937078145,0.026345252990722656,0.0028887803011940143,genus,{'selectfeatures__abundance': 'genus'},-74.49502378516623,-86.38086905370842,-75.19161764705882,-81.69774629156008,-78.3636030690537,-79.22577196930945,4.397812775167156,2
