mean_fit_time,std_fit_time,mean_score_time,std_score_time,param_selectfeatures__abundance,params,split0_test_score,split1_test_score,split2_test_score,split3_test_score,split4_test_score,mean_test_score,std_test_score,rank_test_score
0.18486604690551758,0.01821755290770618,0.011448955535888672,0.0027425495719148336,phylum,{'selectfeatures__abundance': 'phylum'},-178.3066491584958,-187.78733828925763,-177.38057113048708,-177.13852746580676,-172.24216689778325,-178.5710505883661,5.070187367483507,1
0.1892000675201416,0.009032227887760346,0.013132333755493164,0.0018782478384313794,class,{'selectfeatures__abundance': 'class'},-178.3066491584958,-187.78733828925763,-177.38057113048708,-177.13852746580676,-172.24216689778325,-178.5710505883661,5.070187367483507,1
0.12893500328063964,0.0169184152049275,0.00761265754699707,0.0013898375635797565,order,{'selectfeatures__abundance': 'order'},-178.3066491584958,-187.78733828925763,-177.38057113048708,-177.13852746580676,-172.24216689778325,-178.5710505883661,5.070187367483507,1
0.19055519104003907,0.011801301617009494,0.012615251541137695,0.0008581889044949845,family,{'selectfeatures__abundance': 'family'},-178.3066491584958,-187.78733828925763,-177.38057113048708,-177.13852746580676,-172.24216689778325,-178.5710505883661,5.070187367483507,1
0.1561420440673828,0.03068805567064046,0.008292150497436524,0.0028576876407817495,genus,{'selectfeatures__abundance': 'genus'},-178.3066491584958,-187.78733828925763,-177.38057113048708,-177.13852746580676,-172.24216689778325,-178.5710505883661,5.070187367483507,1
