mean_fit_time,std_fit_time,mean_score_time,std_score_time,param_gettaxa__rank,params,split0_test_score,split1_test_score,split2_test_score,split3_test_score,split4_test_score,mean_test_score,std_test_score,rank_test_score
0.09533305168151855,0.009461324767342042,0.008515405654907226,0.0013910622941332084,phylum,{'gettaxa__rank': 'phylum'},-178.3066491584958,-187.78733828925763,-177.38057113048708,-177.13852746580676,-172.24216689778325,-178.5710505883661,5.070187367483507,1
0.10790781974792481,0.011903199246853144,0.007906532287597657,0.0009306822659236998,class,{'gettaxa__rank': 'class'},-178.3066491584958,-187.78733828925763,-177.38057113048708,-177.13852746580676,-172.24216689778325,-178.5710505883661,5.070187367483507,1
0.10891280174255372,0.009547377952891708,0.008005142211914062,0.0005762199737512735,order,{'gettaxa__rank': 'order'},-178.3066491584958,-187.78733828925763,-177.38057113048708,-177.13852746580676,-172.24216689778325,-178.5710505883661,5.070187367483507,1
0.11581802368164062,0.003909878063399802,0.008245086669921875,0.00027894764271789126,family,{'gettaxa__rank': 'family'},-178.3066491584958,-187.78733828925763,-177.38057113048708,-177.13852746580676,-172.24216689778325,-178.5710505883661,5.070187367483507,1
0.08678455352783203,0.01602860515716744,0.005904579162597656,0.0016656126675793077,genus,{'gettaxa__rank': 'genus'},-178.3066491584958,-187.78733828925763,-177.38057113048708,-177.13852746580676,-172.24216689778325,-178.5710505883661,5.070187367483507,1
