mean_fit_time,std_fit_time,mean_score_time,std_score_time,param_selectfeatures__abundance,params,split0_test_score,split1_test_score,split2_test_score,split3_test_score,split4_test_score,mean_test_score,std_test_score,rank_test_score
3.9679000854492186,0.19836534297934,0.02990860939025879,0.0010742734849732176,phylum,{'selectfeatures__abundance': 'phylum'},-78.05662557124462,-77.21549459098026,-80.51719790490074,-82.5903714786638,-78.45413249916567,-79.36676440899103,1.9438344772661273,5
4.67220516204834,0.5439920048368451,0.03130407333374023,0.0008698335878139275,class,{'selectfeatures__abundance': 'class'},-68.46579349597272,-76.67997766821938,-70.85432259665684,-78.7030866176729,-71.93803488024281,-73.32824305175293,3.7899721676580755,2
4.932350444793701,0.194990426836266,0.03243412971496582,0.000593931692332881,order,{'selectfeatures__abundance': 'order'},-73.26978324346967,-75.9169782412626,-74.65864755432413,-72.63597838880936,-68.53426875225234,-73.00313123602362,2.5063070464430477,1
5.063303804397583,0.15876941521680166,0.031425094604492186,0.005111291167120415,family,{'selectfeatures__abundance': 'family'},-72.72695580262514,-81.9298228202781,-75.8880435021887,-80.46660342467399,-71.47267064386159,-76.49681923872551,4.125560852240225,3
3.285363531112671,0.7449211671909205,0.020856475830078124,0.0021923294237522375,genus,{'selectfeatures__abundance': 'genus'},-75.1646163002364,-86.1316909320617,-73.67307875482005,-79.49506772325388,-78.89121474731064,-78.67113369153654,4.328127416442621,4
