mean_fit_time,std_fit_time,mean_score_time,std_score_time,param_gettaxa__rank,params,split0_test_score,split1_test_score,split2_test_score,split3_test_score,split4_test_score,mean_test_score,std_test_score,rank_test_score
2.7464691638946532,0.320869707705017,0.02439846992492676,0.0029633191753868754,phylum,{'gettaxa__rank': 'phylum'},-76.03826920789523,-79.29766467876652,-80.96065389911624,-81.98647771758446,-77.50734022972317,-79.15808114661712,2.1783824898699,4
3.2354176521301268,0.2189219412766818,0.026618766784667968,0.00025483729370925993,class,{'gettaxa__rank': 'class'},-71.57704284344669,-76.83024602678607,-70.4794607785378,-83.46459666173038,-71.00867043900345,-74.67200334990089,4.9506345121574995,2
3.3107311725616455,0.34713031605452493,0.025291013717651366,0.002783367547594621,order,{'gettaxa__rank': 'order'},-73.28285495895838,-76.57408627001769,-72.29338182009546,-76.13155544444419,-69.01173216246556,-73.45872213119625,2.757324744124325,1
3.2128975868225096,0.38446625825784403,0.026030635833740233,0.0033514165639179543,family,{'gettaxa__rank': 'family'},-71.97761104808741,-83.55537881575749,-78.52136467225898,-81.36719872695721,-71.76742000240603,-77.43779465309343,4.816760945468328,3
2.2736759185791016,0.5138857560837251,0.020311975479125978,0.0051840566619490635,genus,{'gettaxa__rank': 'genus'},-77.2080430772842,-84.5287924443551,-79.69224636218907,-79.77818739383422,-79.5825219350106,-80.15795824253465,2.387401579081852,5
