mean_fit_time,std_fit_time,mean_score_time,std_score_time,param_gettaxa__rank,params,split0_test_score,split1_test_score,split2_test_score,split3_test_score,split4_test_score,mean_test_score,std_test_score,rank_test_score
0.12107086181640625,0.018631071438467553,0.020898818969726562,0.0012704624764057547,phylum,{'gettaxa__rank': 'phylum'},-95.02985507246379,-99.7888661551577,-104.29336743393009,-103.93413469735718,-102.48475703324809,-101.10619607843137,3.4267479199796425,5
0.1133923053741455,0.004797308446654036,0.020705413818359376,0.002104566325002827,class,{'gettaxa__rank': 'class'},-84.22722080136404,-100.40589940323956,-101.233452685422,-95.62943734015346,-95.20702472293264,-95.34060699062233,6.066159203197437,4
0.11055374145507812,0.00637740418305668,0.02110128402709961,0.0005743418633928363,order,{'gettaxa__rank': 'order'},-78.68235294117648,-90.35202046035805,-86.83224211423699,-91.02471440750212,-90.1150895140665,-87.40128388746803,4.594440149157353,1
0.11728239059448242,0.0020117558016944856,0.018517494201660156,0.002692732220533352,family,{'gettaxa__rank': 'family'},-82.52187553282182,-96.56522591645354,-95.41280477408354,-89.74401534526855,-92.22745950554133,-91.29427621483376,4.999486809541278,2
0.08891277313232422,0.010389699070944601,0.013001251220703124,0.003928105867403926,genus,{'gettaxa__rank': 'genus'},-82.78618073316284,-95.51488491048592,-89.83427962489343,-98.73332480818414,-91.7375959079284,-91.72125319693095,5.421388127370901,3
