mean_fit_time,std_fit_time,mean_score_time,std_score_time,param_selectfeatures__abundance,params,split0_test_score,split1_test_score,split2_test_score,split3_test_score,split4_test_score,mean_test_score,std_test_score,rank_test_score
0.28038926124572755,0.013452707389301414,0.012084197998046876,0.0012724748268588715,phylum,{'selectfeatures__abundance': 'phylum'},-124.36171355498723,-130.01496163682862,-130.335952685422,-135.10424552429666,-128.96278772378517,-129.75593222506393,3.4273794180935253,5
0.25502190589904783,0.0353551818400942,0.01365365982055664,0.001110652591192809,class,{'selectfeatures__abundance': 'class'},-108.38175348322625,-117.3537944690867,-116.43655280429842,-126.47847803380425,-120.71291108319811,-117.87269797472274,5.908232596406516,4
0.26955523490905764,0.017776792887547365,0.01693124771118164,0.003352768100392481,order,{'selectfeatures__abundance': 'order'},-104.6045440271041,-114.22387139162629,-110.56164023130697,-113.08073481670817,-113.42803924409523,-111.17976594216816,3.5085785188966496,2
0.23794569969177246,0.006739769288891823,0.012063980102539062,0.0016344495945957373,family,{'selectfeatures__abundance': 'family'},-113.80357931741423,-109.74728689734398,-110.60898785782277,-109.3294258916896,-113.34057765055037,-111.3659715229642,1.8537358718781003,3
0.2233567237854004,0.01911133455128173,0.01100749969482422,0.003816416005726861,genus,{'selectfeatures__abundance': 'genus'},-100.18263542089697,-107.00097521267193,-102.64920604566217,-113.69011269850829,-115.66650621363023,-107.83788711827393,6.029287396423185,1
