mean_fit_time,std_fit_time,mean_score_time,std_score_time,param_gettaxa__rank,params,split0_test_score,split1_test_score,split2_test_score,split3_test_score,split4_test_score,mean_test_score,std_test_score,rank_test_score
0.11182489395141601,0.012393774645063704,0.00940256118774414,0.0003658881664917407,phylum,{'gettaxa__rank': 'phylum'},-120.4510358056266,-122.44043478260872,-128.7814450127877,-134.27547314578004,-128.91199488491048,-126.97207672634272,4.968630570152043,5
0.12858142852783203,0.005674146040237934,0.009744596481323243,0.0006553618642790187,class,{'gettaxa__rank': 'class'},-109.924648113754,-119.44312498417965,-120.79726291710506,-128.10565892450518,-118.51311540878825,-119.35676206966643,5.801761987307146,4
0.12456846237182617,0.01014617224561305,0.00918426513671875,0.0007992442355986071,order,{'gettaxa__rank': 'order'},-112.9394641322453,-119.54309622113108,-114.23123401382455,-114.91315297323811,-119.82110566022509,-116.28961060013282,2.842944148994011,1
0.12209506034851074,0.013707270644871733,0.009192514419555663,0.0017230382967399233,family,{'gettaxa__rank': 'family'},-112.43793236138832,-118.41792441253423,-118.07709037039855,-115.14840614730636,-117.6671452570828,-116.34969970974205,2.2690140897212108,2
0.09574756622314454,0.012244380919214662,0.005570793151855468,0.0008102928863177577,genus,{'gettaxa__rank': 'genus'},-110.80393607801119,-113.1703481372829,-112.24896575989585,-123.14986142620374,-125.06392804034323,-116.88740788834738,5.973510089535907,3
