mean_fit_time,std_fit_time,mean_score_time,std_score_time,param_selectfeatures__abundance,params,split0_test_score,split1_test_score,split2_test_score,split3_test_score,split4_test_score,mean_test_score,std_test_score,rank_test_score
10.020220518112183,0.3762095871490415,0.028794050216674805,0.0012176566087250245,phylum,{'selectfeatures__abundance': 'phylum'},-83.4859125319693,-86.70638567774935,-87.22351892583121,-89.58401253196931,-82.71969104859335,-85.94390414322251,2.526121691635588,5
16.30264186859131,0.7007673072494349,0.032264184951782224,0.0035999606248566067,class,{'selectfeatures__abundance': 'class'},-75.67419514066495,-84.49902685421995,-77.16555012787722,-84.97681764705881,-75.66344987212275,-79.59580792838874,4.236636900739003,3
19.395810985565184,0.32491513615449436,0.031086540222167967,0.0007428129488443967,order,{'selectfeatures__abundance': 'order'},-79.549979028133,-82.00940920716111,-79.03372762148337,-78.38366317135551,-70.18249181585678,-77.83185416879795,4.016606938922098,1
17.809668922424315,0.5796729110639448,0.02978525161743164,0.0030751279742753513,family,{'selectfeatures__abundance': 'family'},-78.47396897897498,-88.50101353329818,-79.55836692439864,-84.8852186139805,-74.57993803840375,-81.19970121781121,4.916036188999225,4
10.798997831344604,0.9635792608948192,0.036437177658081056,0.01224073041221962,genus,{'selectfeatures__abundance': 'genus'},-73.47901679454391,-84.87981717564901,-74.48114134697357,-82.18787851662404,-78.79665831202045,-78.76490242916219,4.368092307627471,2
