mean_fit_time,std_fit_time,mean_score_time,std_score_time,param_gettaxa__rank,params,split0_test_score,split1_test_score,split2_test_score,split3_test_score,split4_test_score,mean_test_score,std_test_score,rank_test_score
9.193165159225464,0.31482308029820744,0.025410890579223633,0.0027146135505662244,phylum,{'gettaxa__rank': 'phylum'},-82.49931432225064,-86.82789641943734,-87.13323938618927,-89.48074296675193,-81.57015626598464,-85.50226987212275,2.9908144345489602,5
12.791153001785279,1.2635887605489242,0.02541637420654297,0.0039353932114708345,class,{'gettaxa__rank': 'class'},-74.98728542199488,-84.48195012787723,-77.84040358056266,-85.55899104859336,-75.91814143222506,-79.75735432225065,4.407915772906211,2
14.363156509399413,0.6269040549606104,0.028202915191650392,0.004536563408413325,order,{'gettaxa__rank': 'order'},-79.80297749360615,-81.88514098226298,-76.38390588235293,-78.86034092071611,-69.42538280687768,-77.27154961716317,4.3027399456340625,1
14.331073665618897,0.17208107960699,0.03177485466003418,0.0021388082544225354,family,{'gettaxa__rank': 'family'},-81.76333283635944,-90.71155817112695,-82.70339858729386,-90.3579949940511,-78.4918851898173,-84.80563395572973,4.883586122147732,4
7.53907151222229,1.1177273982230713,0.02227497100830078,0.0035596672919576394,genus,{'gettaxa__rank': 'genus'},-79.06661991618782,-84.58288838532168,-78.34859868506169,-85.84292005779385,-80.28536223617246,-81.6252778561075,3.0204203845156936,3
